{
  "hash": "5bd59e85",
  "configHash": "87b4835f",
  "lockfileHash": "8beb069a",
  "browserHash": "58de46a0",
  "optimized": {
    "@angular/common": {
      "src": "../../../../../../node_modules/@angular/common/fesm2022/common.mjs",
      "file": "@angular_common.js",
      "fileHash": "c45d37b7",
      "needsInterop": false
    },
    "@angular/common/http": {
      "src": "../../../../../../node_modules/@angular/common/fesm2022/http.mjs",
      "file": "@angular_common_http.js",
      "fileHash": "3fe92321",
      "needsInterop": false
    },
    "@angular/core": {
      "src": "../../../../../../node_modules/@angular/core/fesm2022/core.mjs",
      "file": "@angular_core.js",
      "fileHash": "3602ca55",
      "needsInterop": false
    },
    "@angular/forms": {
      "src": "../../../../../../node_modules/@angular/forms/fesm2022/forms.mjs",
      "file": "@angular_forms.js",
      "fileHash": "25553dbb",
      "needsInterop": false
    },
    "@angular/platform-browser": {
      "src": "../../../../../../node_modules/@angular/platform-browser/fesm2022/platform-browser.mjs",
      "file": "@angular_platform-browser.js",
      "fileHash": "9f14ea2e",
      "needsInterop": false
    },
    "@angular/router": {
      "src": "../../../../../../node_modules/@angular/router/fesm2022/router.mjs",
      "file": "@angular_router.js",
      "fileHash": "1b4108dd",
      "needsInterop": false
    },
    "@stomp/stompjs": {
      "src": "../../../../../../node_modules/@stomp/stompjs/esm6/index.js",
      "file": "@stomp_stompjs.js",
      "fileHash": "1985330b",
      "needsInterop": false
    },
    "rxjs": {
      "src": "../../../../../../node_modules/rxjs/dist/esm5/index.js",
      "file": "rxjs.js",
      "fileHash": "c0b0d4e2",
      "needsInterop": false
    },
    "sockjs-client": {
      "src": "../../../../../../node_modules/sockjs-client/lib/entry.js",
      "file": "sockjs-client.js",
      "fileHash": "3c6de199",
      "needsInterop": true
    }
  },
  "chunks": {
    "chunk-KXXR7EEX": {
      "file": "chunk-KXXR7EEX.js"
    },
    "chunk-LBL6ZU77": {
      "file": "chunk-LBL6ZU77.js"
    },
    "chunk-VZI4GHNS": {
      "file": "chunk-VZI4GHNS.js"
    },
    "chunk-6GGEOILE": {
      "file": "chunk-6GGEOILE.js"
    },
    "chunk-ZSY7TSMJ": {
      "file": "chunk-ZSY7TSMJ.js"
    },
    "chunk-3OV72XIM": {
      "file": "chunk-3OV72XIM.js"
    }
  }
}